sign,pc1,pc2
aries,-0.48401663,-0.06442717
taurus,0.13737293,0.48563835
gemini,0.28052282,-0.026719544
cancer,-0.15053353,0.29325774
leo,0.24588768,-0.26890793
virgo,0.066153206,-0.32833037
libra,-0.45096356,-0.3629283
scorpio,-0.087803334,0.24213189
sagittarius,-0.30811086,0.20070213
capricorn,-0.0212576,-0.041107588
aquarius,0.44856006,0.01658157
pisces,0.32418832,-0.14589085
