sign,pc1,pc2
aries,-0.45974633,0.045577727
taurus,0.08625935,-0.47297138
gemini,0.27638265,-0.024479015
cancer,-0.08816979,-0.2376442
leo,0.31797728,0.2262751
virgo,0.12878652,0.30128115
libra,-0.5078056,0.45698267
scorpio,-0.214711,-0.2112425
sagittarius,-0.22091378,-0.2511204
capricorn,-0.13191013,-0.023210034
aquarius,0.4969,0.025467196
pisces,0.31695127,0.16508418
